"Apple MacBook Air 13.3-Inch Laptop (Intel Core i5 1.6GHz, 128GB Flash, 8GB RAM, OS X El Capitan)",""
"Apple 13.3"" MacBook Air, 128GB SSD, MQD32LL/A Starters Bundles [Mid-2017 - Newest Version]",$898.00
"Apple MacBook Pro MD101LL/A 13.3-inch Laptop (2.5Ghz, 4GB RAM, 500GB HD) (Certified Refurbished)",$699.00
"Apple MacBook Air MD711LL/B 11.6-Inch Laptop (4GB RAM, 128 GB HDD,OS X Mavericks) (Certified Refurbished)",$626.47
"",""
"Apple 13 Inch MacBook Pro / MD101LL/A / 2.5GHz Intel Core i5, 4GB RAM, 500GB HDD, Intel HD 4000 Graphics (2015 version)",""
"Apple MNYF2LL/A 12"" MacBook, Retina, 1.2GHz Intel Core m3 Dual Core Processor, 8GB RAM, 256GB SSD, Mac OS, Space Gray (Newest Version)","$1,199.00"
"Apple MacBook Air MJVM2LL/A 11.6-Inch laptop(1.6 GHz Intel i5, 128 GB SSD, Integrated Intel HD Graphics 6000, Mac OS X Yosemite - (Certified Refurbished)",$699.99
Apple Macbook Retina Display 12 Inch Core M-5Y31 1.1GHz 8GB RAM 256GB SSD (Certified Refurbished),$929.00
"Apple 13.3"" MacBook Air 128GB SSD #MQD32LL/A (Newest Version 2017 Model) Starter Bundle",$899.00
"Apple MacBook MLHE2LL/A 12-Inch Laptop with Retina Display, Gold, 256 GB (Discontinued by Manufacturer)",""
"Apple 12"" MacBook, Retina, 1.2GHz Intel Core m3 Dual Core Processor, 8GB RAM, 256GB SSD, Mac OS, Rose Gold, MNYM2LL/A (Newest Version)","$1,289.00"
"Apple 15"" MacBook Pro, Retina, Touch Bar, 2.9GHz Intel Core i7 Quad Core, 16GB RAM, 512GB SSD, Space Gray, MPTT2LL/A (Newest Version)","$2,689.00"
"Apple Macbook 12"" Laptop w/ Retina Display - (256GB, Silver) (Certified Refurbished)",$889.33
Looking for a Laptop?,""
"Apple 13"" MacBook Air, 1.8GHz Intel Core i5 Dual Core Processor, 8GB RAM, 128GB SSD, Mac OS, Silver, MQD32LL/A (Newest Version)",""
"Apple 13"" MacBook Pro, Retina Display, 2.3GHz Intel Core i5 Dual Core, 8GB RAM, 128GB SSD, Silver, MPXR2LL/A (Newest Version)",""
"Apple MacBook Air MJVE2LL/A 13-inch Laptop 1.6GHz Core i5,4GB RAM,128GB SSD (Certified Refurbished)",$739.86
Apple MacBook Pro MC118LL/A 15.4-Inch Laptop,""
"Apple 13"" MacBook Pro, Retina Display, 2.3GHz Intel Core i5 Dual Core, 8GB RAM, 256GB SSD, Space Gray, MPXT2LL/A (Newest Version)",""
"Apple MNYK2LL/A 12"" MacBook, Retina, 1.2GHz Intel Core m3 Dual Core Processor, 8GB RAM, 256GB SSD, Mac OS, Gold (Newest Version)","$1,238.00"
Apple MacBook Air MC968LL/A 11.6-Inch Laptop (OLD VERSION),""
"Apple MPDK2LL/A 13"" MacBook Pro, Retina, Touch Bar, 3.5GHz Intel i7 Dual Core, 16GB RAM, 512GB PCIe SSD, Intel Iris 550 Graphics, Space Gray","$1,984.00"
"Apple MacBook A1342 13.3"" Laptop (Intel Core 2 Duo 2.26Ghz, 250GB Hard Drive, 4096Mb RAM, DVDRW Drive, OS X 10.6.1)",""
"Apple MacBook Pro MF840LL/A 13.3-Inch Laptop with Retina Display (256 GB hard drive, 2.7 GHz dual-core Intel Core i5 processor, 8 GB 1866 MHz LPDDR3 RAM), Silver (2015 version)",""
[Sponsored]60W L-Tip Magsafe Laptop Computer AC Power Adapter Charger Replacement for Apple MacBook 13 inch And Macbook Pro 13-inch 15-inch,[Sponsored]$17.10
